seed,n_shot,train_acc,test_acc
42,500,[0.06217999756336212],[0.0568000003695488]
42,500,[0.06217999756336212],[0.0568000003695488]
42,500,[0.6103999614715576],[0.6187999844551086]
