seed,n_shot,train_acc,test_acc
42,100,[0.025999998673796654],[0.021800000220537186]
42,100,[0.5810399651527405],[0.5306000113487244]
42,500,[0.5988399982452393],[0.551800012588501]
42,500,[0.5709599852561951],[0.5257999897003174]
42,500,[0.5709599852561951],[0.5257999897003174]
