seed,n_shot,train_acc,test_acc
42,500,[0.8678799867630005],[0.8613999485969543]
42,1,[0.5240399837493896],[0.5257999897003174]
42,0,[0.009999999776482582],[0.009999999776482582]
42,1,[0.26593175530433655],[0.25209999084472656]
42,500,[0.3276762366294861],[0.29955998063087463]
